{"cameraMode":{"drawMode":0,"name":"Shaded","section":"Shading Mode"},"sceneLighting":false,"audioPlay":false,"sceneViewState":{"m_AlwaysRefresh":false,"showFog":true,"showSkybox":false,"showFlares":true,"showImageEffects":true,"showParticleSystems":true,"showVisualEffectGraphs":true,"m_FxEnabled":true},"in2DMode":false,"pivot":{"x":18.520000457763673,"y":-1.690000057220459,"z":-4.807389736175537},"rotation":{"x":0.005087430588901043,"y":-0.9947905540466309,"z":0.06315434724092484,"w":0.08015057444572449},"size":0.001587418606504798,"orthographic":false}