{"cameraMode":{"drawMode":0,"name":"Shaded","section":"Shading Mode"},"sceneLighting":false,"audioPlay":false,"sceneViewState":{"m_AlwaysRefresh":false,"showFog":true,"showSkybox":false,"showFlares":true,"showImageEffects":true,"showParticleSystems":true,"showVisualEffectGraphs":true,"m_FxEnabled":true},"in2DMode":false,"pivot":{"x":22.40999984741211,"y":1.0800000429153443,"z":-0.9900000095367432},"rotation":{"x":0.005087430588901043,"y":-0.9947905540466309,"z":0.06315434724092484,"w":0.08015057444572449},"size":0.17320533096790315,"orthographic":false}